<meta>
	<info name="dl_core" author="Ren712" version="0.1.1" type="script" />
	<min_mta_version client="1.5.7-9.20157" />
	<script src="c_main.lua" type="client" />
	<script src="c_common.lua" type="client" />
	<script src="c_exports.lua" type="client" />
	<script src="c_switch.lua" type="client" />
	
	<file src="fx/mta-helper.fx" />
	<file src="fx/RTinput_car_paint.fx" />
	<file src="fx/RTinput_world.fx" />
	<file src="fx/RTinput_world_refAnim.fx" />
	<file src="fx/RTinput_world_noZWrite.fx" />
	<file src="fx/RTinput_water.fx" />
	<file src="fx/RTinput_water_detail.fx" />
	<file src="fx/RTinput_grass.fx" />
	<file src="fx/RTinput_ped.fx" />
	<file src="fx/RTinput_ped_normal.fx" />
	<file src="fx/RTinput_ped_noVS.fx" />
	<file src="fx/primitive2D_fixZBuffer.fx" />
	
	<export function="getRenderTargets" type="client" />
	<export function="passGTASAObjectNormals" type="client" />
</meta>
